Label,# Samples,Average,Min,Max,Std. Dev.,Error %,Throughput,Received KB/sec,Sent KB/sec,Avg. Bytes
Big Query,32710,1861,47,33755,2600.84,0.000%,14.50039,134.81,4.94,9520.0
Simple Query,33010,1433,7,33981,2197.79,0.000%,14.56773,3.56,3.98,250.4
Nested Query,32878,2060,35,30036,1369.01,0.000%,14.57385,86.01,6.73,6043.2
TOTAL,98598,1784,7,33981,2134.19,0.000%,43.50105,223.34,15.60,5257.2
