Label,# Samples,Average,Min,Max,Std. Dev.,Error %,Throughput,Received KB/sec,Sent KB/sec,Avg. Bytes
Person,474258,42,1,1955,24.73,0.007%,248.24621,60.75,67.85,250.6
Film,474226,182,8,1441,60.95,0.005%,248.32409,74.96,67.90,309.1
Planet,474203,49,1,1592,36.95,0.003%,248.33506,62.24,68.11,256.6
Species,474189,41,1,1891,26.27,0.003%,248.36233,63.94,70.28,263.6
Starship,474177,40,1,1527,23.03,0.005%,248.37178,64.96,71.93,267.8
Vehicle,474153,44,1,1620,24.41,0.019%,248.37209,54.27,65.21,223.7
TOTAL,2845206,66,1,1955,62.68,0.007%,1489.29824,380.94,411.07,261.9
