Label,# Samples,Average,Min,Max,Std. Dev.,Error %,Throughput,Received KB/sec,Sent KB/sec,Avg. Bytes
<<<<<<< HEAD
Batched Query,50856,230,1,578,37.30,0.197%,430.74213,297.00,293.01,706.1
TOTAL,50856,230,1,578,37.30,0.197%,430.74213,297.00,293.01,706.1
=======
Batched Query,1311279,253,1,1138,73.41,0.023%,360.98875,248.13,245.99,703.9
TOTAL,1311279,253,1,1138,73.41,0.023%,360.98875,248.13,245.99,703.9
>>>>>>> 2491908c4c42dc39786f99d3a43e06b264bfd8af
